[
    {
        "NO": "1",
        "carName": "Acura RL Sedan 2012",
        "carPrice": "HK$1200000.00",
        "MaintenancePeriod": "1 Year",
        "Power": "150 bhp / 200 kW",
        "Fuel": "Diesel"
    },
    {
        "NO": "2",
        "carName": "Acura TL Sedan 2012",
        "carPrice": "HK$1201000.00",
        "MaintenancePeriod": "1 Year",
        "Power": "151 bhp / 201 kW",
        "Fuel": "Diesel"
    },
    {
        "NO": "3",
        "carName": "Acura TL Type-S 2008",
        "carPrice": "HK$1202000.00",
        "MaintenancePeriod": "1 Year",
        "Power": "152 bhp / 202 kW",
        "Fuel": "Diesel"
    },
    {
        "NO": "4",
        "carName": "Acura TSX Sedan 2012",
        "carPrice": "HK$1203000.00",
        "MaintenancePeriod": "1 Year",
        "Power": "153 bhp / 203 kW",
        "Fuel": "Diesel"
    },
    {
        "NO": "5",
        "carName": "Acura Integra Type R 2001",
        "carPrice": "HK$1204000.00",
        "MaintenancePeriod": "1 Year",
        "Power": "154 bhp / 204 kW",
        "Fuel": "Diesel"
    },
    {
        "NO": "6",
        "carName": "Acura ZDX Hatchback 2012",
        "carPrice": "HK$1205000.00",
        "MaintenancePeriod": "1 Year",
        "Power": "155 bhp / 205 kW",
        "Fuel": "Diesel"
    },
    {
        "NO": "7",
        "carName": "Aston Martin V8 Vantage Convertible 2012",
        "carPrice": "HK$1206000.00",
        "MaintenancePeriod": "1 Year",
        "Power": "156 bhp / 206 kW",
        "Fuel": "Diesel"
    },
    {
        "NO": "8",
        "carName": "Aston Martin V8 Vantage Coupe 2012",
        "carPrice": "HK$1207000.00",
        "MaintenancePeriod": "1 Year",
        "Power": "157 bhp / 207 kW",
        "Fuel": "Diesel"
    },
    {
        "NO": "9",
        "carName": "Aston Martin Virage Convertible 2012",
        "carPrice": "HK$1208000.00",
        "MaintenancePeriod": "1 Year",
        "Power": "158 bhp / 208 kW",
        "Fuel": "Diesel"
    },
    {
        "NO": "10",
        "carName": "Aston Martin Virage Coupe 2012",
        "carPrice": "HK$1209000.00",
        "MaintenancePeriod": "1 Year",
        "Power": "159 bhp / 208 kW",
        "Fuel": "Diesel"
    },
    {
        "NO": "11",
        "carName": "Audi RS 4 Convertible 2008",
        "carPrice": "HK$1210000.00",
        "MaintenancePeriod": "1 Year",
        "Power": "160 bhp / 208 kW",
        "Fuel": "Diesel"
    },
    {
        "NO": "12",
        "carName": "Audi A5 Coupe 2012",
        "carPrice": "HK$1211000.00",
        "MaintenancePeriod": "1 Year",
        "Power": "161 bhp / 208 kW",
        "Fuel": "Diesel"
    },
    {
        "NO": "13",
        "carName": "Audi TTS Coupe 2012",
        "carPrice": "HK$1212000.00",
        "MaintenancePeriod": "1 Year",
        "Power": "162 bhp / 208 kW",
        "Fuel": "Diesel"
    },
    {
        "NO": "14",
        "carName": "Audi R8 Coupe 2012",
        "carPrice": "HK$1213000.00",
        "MaintenancePeriod": "1 Year",
        "Power": "163 bhp / 208 kW",
        "Fuel": "Diesel"
    },
    {
        "NO": "15",
        "carName": "Audi V8 Sedan 1994",
        "carPrice": "HK$1214000.00",
        "MaintenancePeriod": "1 Year",
        "Power": "164 bhp / 208 kW",
        "Fuel": "Diesel"
    },
    {
        "NO": "16",
        "carName": "Audi 100 Sedan 1994",
        "carPrice": "HK$1215000.00",
        "MaintenancePeriod": "1 Year",
        "Power": "165 bhp / 208 kW",
        "Fuel": "Diesel"
    },
    {
        "NO": "17",
        "carName": "Audi 100 Wagon 1994",
        "carPrice": "HK$1216000.00",
        "MaintenancePeriod": "1 Year",
        "Power": "166 bhp / 208 kW",
        "Fuel": "Diesel"
    },
    {
        "NO": "18",
        "carName": "Audi TT Hatchback 2011",
        "carPrice": "HK$1217000.00",
        "MaintenancePeriod": "1 Year",
        "Power": "167 bhp / 208 kW",
        "Fuel": "Diesel"
    },
    {
        "NO": "19",
        "carName": "Audi S6 Sedan 2011",
        "carPrice": "HK$1218000.00",
        "MaintenancePeriod": "1 Year",
        "Power": "168 bhp / 208 kW",
        "Fuel": "Diesel"
    },
    {
        "NO": "20",
        "carName": "Audi S5 Convertible 2012",
        "carPrice": "HK$1219000.00",
        "MaintenancePeriod": "1 Year",
        "Power": "169 bhp / 208 kW",
        "Fuel": "Diesel"
    },
    {
        "NO": "21",
        "carName": "Audi S5 Coupe 2012",
        "carPrice": "HK$1220000.00",
        "MaintenancePeriod": "2 Year",
        "Power": "170 bhp / 208 kW",
        "Fuel": "Diesel"
    },
    {
        "NO": "22",
        "carName": "Audi S4 Sedan 2012",
        "carPrice": "HK$1221000.00",
        "MaintenancePeriod": "2 Year",
        "Power": "171 bhp / 208 kW",
        "Fuel": "Diesel"
    },
    {
        "NO": "23",
        "carName": "Audi S4 Sedan 2007",
        "carPrice": "HK$1222000.00",
        "MaintenancePeriod": "2 Year",
        "Power": "172 bhp / 208 kW",
        "Fuel": "Diesel"
    },
    {
        "NO": "24",
        "carName": "Audi TT RS Coupe 2012",
        "carPrice": "HK$1223000.00",
        "MaintenancePeriod": "2 Year",
        "Power": "173 bhp / 208 kW",
        "Fuel": "Diesel"
    },
    {
        "NO": "25",
        "carName": "BMW ActiveHybrid 5 Sedan 2012",
        "carPrice": "HK$1224000.00",
        "MaintenancePeriod": "2 Year",
        "Power": "174 bhp / 208 kW",
        "Fuel": "Diesel"
    },
    {
        "NO": "26",
        "carName": "BMW 1 Series Convertible 2012",
        "carPrice": "HK$1225000.00",
        "MaintenancePeriod": "2 Year",
        "Power": "175 bhp / 208 kW",
        "Fuel": "Diesel"
    },
    {
        "NO": "27",
        "carName": "BMW 1 Series Coupe 2012",
        "carPrice": "HK$1226000.00",
        "MaintenancePeriod": "2 Year",
        "Power": "176 bhp / 208 kW",
        "Fuel": "Diesel"
    },
    {
        "NO": "28",
        "carName": "BMW 3 Series Sedan 2012",
        "carPrice": "HK$1227000.00",
        "MaintenancePeriod": "2 Year",
        "Power": "177 bhp / 208 kW",
        "Fuel": "Diesel"
    },
    {
        "NO": "29",
        "carName": "BMW 3 Series Wagon 2012",
        "carPrice": "HK$1228000.00",
        "MaintenancePeriod": "2 Year",
        "Power": "178 bhp / 208 kW",
        "Fuel": "Diesel"
    },
    {
        "NO": "30",
        "carName": "BMW 6 Series Convertible 2007",
        "carPrice": "HK$1229000.00",
        "MaintenancePeriod": "2 Year",
        "Power": "179 bhp / 208 kW",
        "Fuel": "Diesel"
    },
    {
        "NO": "31",
        "carName": "BMW X5 SUV 2007",
        "carPrice": "HK$1230000.00",
        "MaintenancePeriod": "2 Year",
        "Power": "180 bhp / 208 kW",
        "Fuel": "Diesel"
    },
    {
        "NO": "32",
        "carName": "BMW X6 SUV 2012",
        "carPrice": "HK$1231000.00",
        "MaintenancePeriod": "2 Year",
        "Power": "181 bhp / 294 kW",
        "Fuel": "Diesel"
    },
    {
        "NO": "33",
        "carName": "BMW M3 Coupe 2012",
        "carPrice": "HK$1232000.00",
        "MaintenancePeriod": "2 Year",
        "Power": "182 bhp / 294 kW",
        "Fuel": "Diesel"
    },
    {
        "NO": "34",
        "carName": "BMW M5 Sedan 2010",
        "carPrice": "HK$1233000.00",
        "MaintenancePeriod": "2 Year",
        "Power": "183 bhp / 294 kW",
        "Fuel": "Diesel"
    },
    {
        "NO": "35",
        "carName": "BMW M6 Convertible 2010",
        "carPrice": "HK$1234000.00",
        "MaintenancePeriod": "2 Year",
        "Power": "184 bhp / 294 kW",
        "Fuel": "Diesel"
    },
    {
        "NO": "36",
        "carName": "BMW X3 SUV 2012",
        "carPrice": "HK$1235000.00",
        "MaintenancePeriod": "2 Year",
        "Power": "185 bhp / 294 kW",
        "Fuel": "Diesel"
    },
    {
        "NO": "37",
        "carName": "BMW Z4 Convertible 2012",
        "carPrice": "HK$1236000.00",
        "MaintenancePeriod": "2 Year",
        "Power": "186 bhp / 294 kW",
        "Fuel": "Diesel"
    },
    {
        "NO": "38",
        "carName": "Bentley Continental Supersports Conv. Convertible 2012",
        "carPrice": "HK$1237000.00",
        "MaintenancePeriod": "2 Year",
        "Power": "187 bhp / 294 kW",
        "Fuel": "Diesel"
    },
    {
        "NO": "39",
        "carName": "Bentley Arnage Sedan 2009",
        "carPrice": "HK$1238000.00",
        "MaintenancePeriod": "2 Year",
        "Power": "188 bhp / 294 kW",
        "Fuel": "Diesel"
    },
    {
        "NO": "40",
        "carName": "Bentley Mulsanne Sedan 2011",
        "carPrice": "HK$1239000.00",
        "MaintenancePeriod": "2 Year",
        "Power": "189 bhp / 294 kW",
        "Fuel": "Diesel"
    },
    {
        "NO": "41",
        "carName": "Bentley Continental GT Coupe 2012",
        "carPrice": "HK$1240000.00",
        "MaintenancePeriod": "2 Year",
        "Power": "190 bhp / 294 kW",
        "Fuel": "Diesel"
    },
    {
        "NO": "42",
        "carName": "Bentley Continental GT Coupe 2007",
        "carPrice": "HK$1241000.00",
        "MaintenancePeriod": "2 Year",
        "Power": "191 bhp / 294 kW",
        "Fuel": "Diesel"
    },
    {
        "NO": "43",
        "carName": "Bentley Continental Flying Spur Sedan 2007",
        "carPrice": "HK$1242000.00",
        "MaintenancePeriod": "2 Year",
        "Power": "192 bhp / 294 kW",
        "Fuel": "Diesel"
    },
    {
        "NO": "44",
        "carName": "Bugatti Veyron 16.4 Convertible 2009",
        "carPrice": "HK$1243000.00",
        "MaintenancePeriod": "2 Year",
        "Power": "193 bhp / 294 kW",
        "Fuel": "Diesel"
    },
    {
        "NO": "45",
        "carName": "Bugatti Veyron 16.4 Coupe 2009",
        "carPrice": "HK$1244000.00",
        "MaintenancePeriod": "2 Year",
        "Power": "194 bhp / 294 kW",
        "Fuel": "Diesel"
    },
    {
        "NO": "46",
        "carName": "Buick Regal GS 2012",
        "carPrice": "HK$1245000.00",
        "MaintenancePeriod": "2 Year",
        "Power": "195 bhp / 294 kW",
        "Fuel": "Diesel"
    },
    {
        "NO": "47",
        "carName": "Buick Rainier SUV 2007",
        "carPrice": "HK$1246000.00",
        "MaintenancePeriod": "3 Year",
        "Power": "196 bhp / 294 kW",
        "Fuel": "Diesel"
    },
    {
        "NO": "48",
        "carName": "Buick Verano Sedan 2012",
        "carPrice": "HK$1247000.00",
        "MaintenancePeriod": "3 Year",
        "Power": "197 bhp / 294 kW",
        "Fuel": "Diesel"
    },
    {
        "NO": "49",
        "carName": "Buick Enclave SUV 2012",
        "carPrice": "HK$1248000.00",
        "MaintenancePeriod": "3 Year",
        "Power": "198 bhp / 294 kW",
        "Fuel": "Diesel"
    },
    {
        "NO": "50",
        "carName": "Cadillac CTS-V Sedan 2012",
        "carPrice": "HK$1249000.00",
        "MaintenancePeriod": "3 Year",
        "Power": "199 bhp / 294 kW",
        "Fuel": "Diesel"
    },
    {
        "NO": "51",
        "carName": "Cadillac SRX SUV 2012",
        "carPrice": "HK$1250000.00",
        "MaintenancePeriod": "3 Year",
        "Power": "200 bhp / 294 kW",
        "Fuel": "Diesel"
    },
    {
        "NO": "52",
        "carName": "Cadillac Escalade EXT Crew Cab 2007",
        "carPrice": "HK$1251000.00",
        "MaintenancePeriod": "3 Year",
        "Power": "201 bhp / 294 kW",
        "Fuel": "Diesel"
    },
    {
        "NO": "53",
        "carName": "Chevrolet Silverado 1500 Hybrid Crew Cab 2012",
        "carPrice": "HK$1252000.00",
        "MaintenancePeriod": "3 Year",
        "Power": "202 bhp / 294 kW",
        "Fuel": "Diesel"
    },
    {
        "NO": "54",
        "carName": "Chevrolet Corvette Convertible 2012",
        "carPrice": "HK$1253000.00",
        "MaintenancePeriod": "3 Year",
        "Power": "203 bhp / 294 kW",
        "Fuel": "Diesel"
    },
    {
        "NO": "55",
        "carName": "Chevrolet Corvette ZR1 2012",
        "carPrice": "HK$1254000.00",
        "MaintenancePeriod": "3 Year",
        "Power": "204 bhp / 294 kW",
        "Fuel": "Diesel"
    },
    {
        "NO": "56",
        "carName": "Chevrolet Corvette Ron Fellows Edition Z06 2007",
        "carPrice": "HK$1255000.00",
        "MaintenancePeriod": "3 Year",
        "Power": "205 bhp / 305 kW",
        "Fuel": "Diesel"
    },
    {
        "NO": "57",
        "carName": "Chevrolet Traverse SUV 2012",
        "carPrice": "HK$1256000.00",
        "MaintenancePeriod": "3 Year",
        "Power": "206 bhp / 305 kW",
        "Fuel": "Diesel"
    },
    {
        "NO": "58",
        "carName": "Chevrolet Camaro Convertible 2012",
        "carPrice": "HK$1257000.00",
        "MaintenancePeriod": "3 Year",
        "Power": "207 bhp / 305 kW",
        "Fuel": "Diesel"
    },
    {
        "NO": "59",
        "carName": "Chevrolet HHR SS 2010",
        "carPrice": "HK$1258000.00",
        "MaintenancePeriod": "3 Year",
        "Power": "208 bhp / 305 kW",
        "Fuel": "Diesel"
    },
    {
        "NO": "60",
        "carName": "Chevrolet Impala Sedan 2007",
        "carPrice": "HK$1259000.00",
        "MaintenancePeriod": "3 Year",
        "Power": "209 bhp / 305 kW",
        "Fuel": "Diesel"
    },
    {
        "NO": "61",
        "carName": "Chevrolet Tahoe Hybrid SUV 2012",
        "carPrice": "HK$1260000.00",
        "MaintenancePeriod": "3 Year",
        "Power": "210 bhp / 305 kW",
        "Fuel": "Diesel"
    },
    {
        "NO": "62",
        "carName": "Chevrolet Sonic Sedan 2012",
        "carPrice": "HK$1261000.00",
        "MaintenancePeriod": "3 Year",
        "Power": "211 bhp / 305 kW",
        "Fuel": "Diesel"
    },
    {
        "NO": "63",
        "carName": "Chevrolet Express Cargo Van 2007",
        "carPrice": "HK$1262000.00",
        "MaintenancePeriod": "3 Year",
        "Power": "212 bhp / 305 kW",
        "Fuel": "Diesel"
    },
    {
        "NO": "64",
        "carName": "Chevrolet Avalanche Crew Cab 2012",
        "carPrice": "HK$1263000.00",
        "MaintenancePeriod": "3 Year",
        "Power": "213 bhp / 305 kW",
        "Fuel": "Diesel"
    },
    {
        "NO": "65",
        "carName": "Chevrolet Cobalt SS 2010",
        "carPrice": "HK$1264000.00",
        "MaintenancePeriod": "3 Year",
        "Power": "214 bhp / 305 kW",
        "Fuel": "Diesel"
    },
    {
        "NO": "66",
        "carName": "Chevrolet Malibu Hybrid Sedan 2010",
        "carPrice": "HK$1265000.00",
        "MaintenancePeriod": "3 Year",
        "Power": "215 bhp / 305 kW",
        "Fuel": "Diesel"
    },
    {
        "NO": "67",
        "carName": "Chevrolet TrailBlazer SS 2009",
        "carPrice": "HK$1266000.00",
        "MaintenancePeriod": "3 Year",
        "Power": "216 bhp / 305 kW",
        "Fuel": "Diesel"
    },
    {
        "NO": "68",
        "carName": "Chevrolet Silverado 2500HD Regular Cab 2012",
        "carPrice": "HK$1267000.00",
        "MaintenancePeriod": "3 Year",
        "Power": "217 bhp / 305 kW",
        "Fuel": "Diesel"
    },
    {
        "NO": "69",
        "carName": "Chevrolet Silverado 1500 Classic Extended Cab 2007",
        "carPrice": "HK$1268000.00",
        "MaintenancePeriod": "3 Year",
        "Power": "218 bhp / 305 kW",
        "Fuel": "Diesel"
    },
    {
        "NO": "70",
        "carName": "Chevrolet Express Van 2007",
        "carPrice": "HK$1269000.00",
        "MaintenancePeriod": "3 Year",
        "Power": "219 bhp / 305 kW",
        "Fuel": "Diesel"
    },
    {
        "NO": "71",
        "carName": "Chevrolet Monte Carlo Coupe 2007",
        "carPrice": "HK$1270000.00",
        "MaintenancePeriod": "4 Year",
        "Power": "220 bhp / 305 kW",
        "Fuel": "Diesel"
    },
    {
        "NO": "72",
        "carName": "Chevrolet Malibu Sedan 2007",
        "carPrice": "HK$1271000.00",
        "MaintenancePeriod": "4 Year",
        "Power": "221 bhp / 305 kW",
        "Fuel": "Diesel"
    },
    {
        "NO": "73",
        "carName": "Chevrolet Silverado 1500 Extended Cab 2012",
        "carPrice": "HK$1272000.00",
        "MaintenancePeriod": "4 Year",
        "Power": "222 bhp / 305 kW",
        "Fuel": "Diesel"
    },
    {
        "NO": "74",
        "carName": "Chevrolet Silverado 1500 Regular Cab 2012",
        "carPrice": "HK$1273000.00",
        "MaintenancePeriod": "4 Year",
        "Power": "223 bhp / 305 kW",
        "Fuel": "Diesel"
    },
    {
        "NO": "75",
        "carName": "Chrysler Aspen SUV 2009",
        "carPrice": "HK$1274000.00",
        "MaintenancePeriod": "4 Year",
        "Power": "224 bhp / 305 kW",
        "Fuel": "Diesel"
    },
    {
        "NO": "76",
        "carName": "Chrysler Sebring Convertible 2010",
        "carPrice": "HK$1275000.00",
        "MaintenancePeriod": "4 Year",
        "Power": "225 bhp / 305 kW",
        "Fuel": "Diesel"
    },
    {
        "NO": "77",
        "carName": "Chrysler Town and Country Minivan 2012",
        "carPrice": "HK$1276000.00",
        "MaintenancePeriod": "4 Year",
        "Power": "226 bhp / 305 kW",
        "Fuel": "Diesel"
    },
    {
        "NO": "78",
        "carName": "Chrysler 300 SRT-8 2010",
        "carPrice": "HK$1277000.00",
        "MaintenancePeriod": "4 Year",
        "Power": "227 bhp / 305 kW",
        "Fuel": "Diesel"
    },
    {
        "NO": "79",
        "carName": "Chrysler Crossfire Convertible 2008",
        "carPrice": "HK$1278000.00",
        "MaintenancePeriod": "4 Year",
        "Power": "228 bhp / 305 kW",
        "Fuel": "Diesel"
    },
    {
        "NO": "80",
        "carName": "Chrysler PT Cruiser Convertible 2008",
        "carPrice": "HK$1279000.00",
        "MaintenancePeriod": "4 Year",
        "Power": "229 bhp / 305 kW",
        "Fuel": "Diesel"
    },
    {
        "NO": "81",
        "carName": "Daewoo Nubira Wagon 2002",
        "carPrice": "HK$1280000.00",
        "MaintenancePeriod": "4 Year",
        "Power": "230 bhp / 305 kW",
        "Fuel": "Diesel"
    },
    {
        "NO": "82",
        "carName": "Dodge Caliber Wagon 2012",
        "carPrice": "HK$1281000.00",
        "MaintenancePeriod": "4 Year",
        "Power": "231 bhp / 305 kW",
        "Fuel": "Diesel"
    },
    {
        "NO": "83",
        "carName": "Dodge Caliber Wagon 2007",
        "carPrice": "HK$1282000.00",
        "MaintenancePeriod": "4 Year",
        "Power": "232 bhp / 305 kW",
        "Fuel": "Diesel"
    },
    {
        "NO": "84",
        "carName": "Dodge Caravan Minivan 1997",
        "carPrice": "HK$1283000.00",
        "MaintenancePeriod": "4 Year",
        "Power": "233 bhp / 305 kW",
        "Fuel": "Diesel"
    },
    {
        "NO": "85",
        "carName": "Dodge Ram Pickup 3500 Crew Cab 2010",
        "carPrice": "HK$1284000.00",
        "MaintenancePeriod": "4 Year",
        "Power": "234 bhp / 305 kW",
        "Fuel": "Diesel"
    },
    {
        "NO": "86",
        "carName": "Dodge Ram Pickup 3500 Quad Cab 2009",
        "carPrice": "HK$1285000.00",
        "MaintenancePeriod": "4 Year",
        "Power": "235 bhp / 305 kW",
        "Fuel": "Diesel"
    },
    {
        "NO": "87",
        "carName": "Dodge Sprinter Cargo Van 2009",
        "carPrice": "HK$1286000.00",
        "MaintenancePeriod": "4 Year",
        "Power": "236 bhp / 305 kW",
        "Fuel": "Diesel"
    },
    {
        "NO": "88",
        "carName": "Dodge Journey SUV 2012",
        "carPrice": "HK$1287000.00",
        "MaintenancePeriod": "4 Year",
        "Power": "237 bhp / 305 kW",
        "Fuel": "Diesel"
    },
    {
        "NO": "89",
        "carName": "Dodge Dakota Crew Cab 2010",
        "carPrice": "HK$1288000.00",
        "MaintenancePeriod": "4 Year",
        "Power": "238 bhp / 305 kW",
        "Fuel": "Diesel"
    },
    {
        "NO": "90",
        "carName": "Dodge Dakota Club Cab 2007",
        "carPrice": "HK$1289000.00",
        "MaintenancePeriod": "4 Year",
        "Power": "239 bhp / 305 kW",
        "Fuel": "Diesel"
    },
    {
        "NO": "91",
        "carName": "Dodge Magnum Wagon 2008",
        "carPrice": "HK$1290000.00",
        "MaintenancePeriod": "4 Year",
        "Power": "240 bhp / 305 kW",
        "Fuel": "Diesel"
    },
    {
        "NO": "92",
        "carName": "Dodge Challenger SRT8 2011",
        "carPrice": "HK$1291000.00",
        "MaintenancePeriod": "4 Year",
        "Power": "241 bhp / 305 kW",
        "Fuel": "Diesel"
    },
    {
        "NO": "93",
        "carName": "Dodge Durango SUV 2012",
        "carPrice": "HK$1292000.00",
        "MaintenancePeriod": "4 Year",
        "Power": "242 bhp / 305 kW",
        "Fuel": "Diesel"
    },
    {
        "NO": "94",
        "carName": "Dodge Durango SUV 2007",
        "carPrice": "HK$1293000.00",
        "MaintenancePeriod": "4 Year",
        "Power": "243 bhp / 305 kW",
        "Fuel": "Diesel"
    },
    {
        "NO": "95",
        "carName": "Dodge Charger Sedan 2012",
        "carPrice": "HK$1294000.00",
        "MaintenancePeriod": "4 Year",
        "Power": "244 bhp / 305 kW",
        "Fuel": "Diesel"
    },
    {
        "NO": "96",
        "carName": "Dodge Charger SRT-8 2009",
        "carPrice": "HK$1295000.00",
        "MaintenancePeriod": "5 Year",
        "Power": "245 bhp / 325 kW",
        "Fuel": "Diesel"
    },
    {
        "NO": "97",
        "carName": "Eagle Talon Hatchback 1998",
        "carPrice": "HK$1296000.00",
        "MaintenancePeriod": "5 Year",
        "Power": "246 bhp / 325 kW",
        "Fuel": "Diesel"
    },
    {
        "NO": "98",
        "carName": "FIAT 500 Abarth 2012",
        "carPrice": "HK$1297000.00",
        "MaintenancePeriod": "5 Year",
        "Power": "247 bhp / 325 kW",
        "Fuel": "Petrol"
    },
    {
        "NO": "99",
        "carName": "FIAT 500 Convertible 2012",
        "carPrice": "HK$1298000.00",
        "MaintenancePeriod": "5 Year",
        "Power": "248 bhp / 325 kW",
        "Fuel": "Petrol"
    },
    {
        "NO": "100",
        "carName": "Ferrari FF Coupe 2012",
        "carPrice": "HK$1299000.00",
        "MaintenancePeriod": "5 Year",
        "Power": "249 bhp / 325 kW",
        "Fuel": "Petrol"
    },
    {
        "NO": "101",
        "carName": "Ferrari California Convertible 2012",
        "carPrice": "HK$1300000.00",
        "MaintenancePeriod": "5 Year",
        "Power": "250 bhp / 325 kW",
        "Fuel": "Petrol"
    },
    {
        "NO": "102",
        "carName": "Ferrari 458 Italia Convertible 2012",
        "carPrice": "HK$1301000.00",
        "MaintenancePeriod": "5 Year",
        "Power": "251 bhp / 325 kW",
        "Fuel": "Petrol"
    },
    {
        "NO": "103",
        "carName": "Ferrari 458 Italia Coupe 2012",
        "carPrice": "HK$1302000.00",
        "MaintenancePeriod": "5 Year",
        "Power": "252 bhp / 325 kW",
        "Fuel": "Petrol"
    },
    {
        "NO": "104",
        "carName": "Fisker Karma Sedan 2012",
        "carPrice": "HK$1303000.00",
        "MaintenancePeriod": "5 Year",
        "Power": "253 bhp / 329 kW",
        "Fuel": "Petrol"
    },
    {
        "NO": "105",
        "carName": "Ford F-450 Super Duty Crew Cab 2012",
        "carPrice": "HK$1304000.00",
        "MaintenancePeriod": "5 Year",
        "Power": "254 bhp / 329 kW",
        "Fuel": "Petrol"
    },
    {
        "NO": "106",
        "carName": "Ford Mustang Convertible 2007",
        "carPrice": "HK$1305000.00",
        "MaintenancePeriod": "5 Year",
        "Power": "255 bhp / 329 kW",
        "Fuel": "Petrol"
    },
    {
        "NO": "107",
        "carName": "Ford Freestar Minivan 2007",
        "carPrice": "HK$1306000.00",
        "MaintenancePeriod": "5 Year",
        "Power": "256 bhp / 329 kW",
        "Fuel": "Petrol"
    },
    {
        "NO": "108",
        "carName": "Ford Expedition EL SUV 2009",
        "carPrice": "HK$1307000.00",
        "MaintenancePeriod": "5 Year",
        "Power": "257 bhp / 329 kW",
        "Fuel": "Petrol"
    },
    {
        "NO": "109",
        "carName": "Ford Edge SUV 2012",
        "carPrice": "HK$1308000.00",
        "MaintenancePeriod": "5 Year",
        "Power": "258 bhp / 329 kW",
        "Fuel": "Petrol"
    },
    {
        "NO": "110",
        "carName": "Ford Ranger SuperCab 2011",
        "carPrice": "HK$1309000.00",
        "MaintenancePeriod": "5 Year",
        "Power": "259 bhp / 329 kW",
        "Fuel": "Petrol"
    },
    {
        "NO": "111",
        "carName": "Ford GT Coupe 2006",
        "carPrice": "HK$1310000.00",
        "MaintenancePeriod": "5 Year",
        "Power": "260 bhp / 329 kW",
        "Fuel": "Petrol"
    },
    {
        "NO": "112",
        "carName": "Ford F-150 Regular Cab 2012",
        "carPrice": "HK$1311000.00",
        "MaintenancePeriod": "5 Year",
        "Power": "261 bhp / 329 kW",
        "Fuel": "Petrol"
    },
    {
        "NO": "113",
        "carName": "Ford F-150 Regular Cab 2007",
        "carPrice": "HK$1312000.00",
        "MaintenancePeriod": "5 Year",
        "Power": "262 bhp / 329 kW",
        "Fuel": "Petrol"
    },
    {
        "NO": "114",
        "carName": "Ford Focus Sedan 2007",
        "carPrice": "HK$1313000.00",
        "MaintenancePeriod": "5 Year",
        "Power": "263 bhp / 329 kW",
        "Fuel": "Petrol"
    },
    {
        "NO": "115",
        "carName": "Ford E-Series Wagon Van 2012",
        "carPrice": "HK$1314000.00",
        "MaintenancePeriod": "6 Year",
        "Power": "264 bhp / 329 kW",
        "Fuel": "Petrol"
    },
    {
        "NO": "116",
        "carName": "Ford Fiesta Sedan 2012",
        "carPrice": "HK$1315000.00",
        "MaintenancePeriod": "6 Year",
        "Power": "265 bhp / 329 kW",
        "Fuel": "Petrol"
    },
    {
        "NO": "117",
        "carName": "GMC Terrain SUV 2012",
        "carPrice": "HK$1316000.00",
        "MaintenancePeriod": "6 Year",
        "Power": "266 bhp / 329 kW",
        "Fuel": "Petrol"
    },
    {
        "NO": "118",
        "carName": "GMC Savana Van 2012",
        "carPrice": "HK$1317000.00",
        "MaintenancePeriod": "6 Year",
        "Power": "267 bhp / 329 kW",
        "Fuel": "Petrol"
    },
    {
        "NO": "119",
        "carName": "GMC Yukon Hybrid SUV 2012",
        "carPrice": "HK$1318000.00",
        "MaintenancePeriod": "6 Year",
        "Power": "268 bhp / 329 kW",
        "Fuel": "Petrol"
    },
    {
        "NO": "120",
        "carName": "GMC Acadia SUV 2012",
        "carPrice": "HK$1319000.00",
        "MaintenancePeriod": "6 Year",
        "Power": "269 bhp / 329 kW",
        "Fuel": "Petrol"
    },
    {
        "NO": "121",
        "carName": "GMC Canyon Extended Cab 2012",
        "carPrice": "HK$1320000.00",
        "MaintenancePeriod": "6 Year",
        "Power": "270 bhp / 329 kW",
        "Fuel": "Petrol"
    },
    {
        "NO": "122",
        "carName": "Geo Metro Convertible 1993",
        "carPrice": "HK$1321000.00",
        "MaintenancePeriod": "6 Year",
        "Power": "271 bhp / 329 kW",
        "Fuel": "Petrol"
    },
    {
        "NO": "123",
        "carName": "HUMMER H3T Crew Cab 2010",
        "carPrice": "HK$1322000.00",
        "MaintenancePeriod": "6 Year",
        "Power": "272 bhp / 329 kW",
        "Fuel": "Petrol"
    },
    {
        "NO": "124",
        "carName": "HUMMER H2 SUT Crew Cab 2009",
        "carPrice": "HK$1323000.00",
        "MaintenancePeriod": "6 Year",
        "Power": "273 bhp / 329 kW",
        "Fuel": "Petrol"
    },
    {
        "NO": "125",
        "carName": "Honda Odyssey Minivan 2012",
        "carPrice": "HK$1324000.00",
        "MaintenancePeriod": "6 Year",
        "Power": "274 bhp / 329 kW",
        "Fuel": "Petrol"
    },
    {
        "NO": "126",
        "carName": "Honda Odyssey Minivan 2007",
        "carPrice": "HK$1325000.00",
        "MaintenancePeriod": "6 Year",
        "Power": "275 bhp / 329 kW",
        "Fuel": "Petrol"
    },
    {
        "NO": "127",
        "carName": "Honda Accord Coupe 2012",
        "carPrice": "HK$1326000.00",
        "MaintenancePeriod": "6 Year",
        "Power": "276 bhp / 329 kW",
        "Fuel": "Petrol"
    },
    {
        "NO": "128",
        "carName": "Honda Accord Sedan 2012",
        "carPrice": "HK$1327000.00",
        "MaintenancePeriod": "6 Year",
        "Power": "277 bhp / 329 kW",
        "Fuel": "Petrol"
    },
    {
        "NO": "129",
        "carName": "Hyundai Veloster Hatchback 2012",
        "carPrice": "HK$1328000.00",
        "MaintenancePeriod": "6 Year",
        "Power": "278 bhp / 329 kW",
        "Fuel": "Petrol"
    },
    {
        "NO": "130",
        "carName": "Hyundai Santa Fe SUV 2012",
        "carPrice": "HK$1329000.00",
        "MaintenancePeriod": "6 Year",
        "Power": "279 bhp / 329 kW",
        "Fuel": "Petrol"
    },
    {
        "NO": "131",
        "carName": "Hyundai Tucson SUV 2012",
        "carPrice": "HK$1330000.00",
        "MaintenancePeriod": "6 Year",
        "Power": "280 bhp / 329 kW",
        "Fuel": "Petrol"
    },
    {
        "NO": "132",
        "carName": "Hyundai Veracruz SUV 2012",
        "carPrice": "HK$1331000.00",
        "MaintenancePeriod": "6 Year",
        "Power": "281 bhp / 329 kW",
        "Fuel": "Petrol"
    },
    {
        "NO": "133",
        "carName": "Hyundai Sonata Hybrid Sedan 2012",
        "carPrice": "HK$1332000.00",
        "MaintenancePeriod": "6 Year",
        "Power": "282 bhp / 329 kW",
        "Fuel": "Petrol"
    },
    {
        "NO": "134",
        "carName": "Hyundai Elantra Sedan 2007",
        "carPrice": "HK$1333000.00",
        "MaintenancePeriod": "6 Year",
        "Power": "283 bhp / 329 kW",
        "Fuel": "Petrol"
    },
    {
        "NO": "135",
        "carName": "Hyundai Accent Sedan 2012",
        "carPrice": "HK$1334000.00",
        "MaintenancePeriod": "6 Year",
        "Power": "284 bhp / 329 kW",
        "Fuel": "Petrol"
    },
    {
        "NO": "136",
        "carName": "Hyundai Genesis Sedan 2012",
        "carPrice": "HK$1335000.00",
        "MaintenancePeriod": "6 Year",
        "Power": "285 bhp / 329 kW",
        "Fuel": "Petrol"
    },
    {
        "NO": "137",
        "carName": "Hyundai Sonata Sedan 2012",
        "carPrice": "HK$1336000.00",
        "MaintenancePeriod": "6 Year",
        "Power": "286 bhp / 329 kW",
        "Fuel": "Petrol"
    },
    {
        "NO": "138",
        "carName": "Hyundai Elantra Touring Hatchback 2012",
        "carPrice": "HK$1337000.00",
        "MaintenancePeriod": "6 Year",
        "Power": "287 bhp / 329 kW",
        "Fuel": "Petrol"
    },
    {
        "NO": "139",
        "carName": "Hyundai Azera Sedan 2012",
        "carPrice": "HK$1338000.00",
        "MaintenancePeriod": "6 Year",
        "Power": "288 bhp / 329 kW",
        "Fuel": "Petrol"
    },
    {
        "NO": "140",
        "carName": "Infiniti G Coupe IPL 2012",
        "carPrice": "HK$1339000.00",
        "MaintenancePeriod": "6 Year",
        "Power": "289 bhp / 329 kW",
        "Fuel": "Petrol"
    },
    {
        "NO": "141",
        "carName": "Infiniti QX56 SUV 2011",
        "carPrice": "HK$1340000.00",
        "MaintenancePeriod": "6 Year",
        "Power": "290 bhp / 329 kW",
        "Fuel": "Petrol"
    },
    {
        "NO": "142",
        "carName": "Isuzu Ascender SUV 2008",
        "carPrice": "HK$1341000.00",
        "MaintenancePeriod": "6 Year",
        "Power": "291 bhp / 329 kW",
        "Fuel": "Petrol"
    },
    {
        "NO": "143",
        "carName": "Jaguar XK XKR 2012",
        "carPrice": "HK$1342000.00",
        "MaintenancePeriod": "7 Year",
        "Power": "292 bhp / 329 kW",
        "Fuel": "Petrol"
    },
    {
        "NO": "144",
        "carName": "Jeep Patriot SUV 2012",
        "carPrice": "HK$1343000.00",
        "MaintenancePeriod": "7 Year",
        "Power": "293 bhp / 329 kW",
        "Fuel": "Petrol"
    },
    {
        "NO": "145",
        "carName": "Jeep Wrangler SUV 2012",
        "carPrice": "HK$1344000.00",
        "MaintenancePeriod": "7 Year",
        "Power": "294 bhp / 329 kW",
        "Fuel": "Petrol"
    },
    {
        "NO": "146",
        "carName": "Jeep Liberty SUV 2012",
        "carPrice": "HK$1345000.00",
        "MaintenancePeriod": "7 Year",
        "Power": "295 bhp / 357 kW",
        "Fuel": "Petrol"
    },
    {
        "NO": "147",
        "carName": "Jeep Grand Cherokee SUV 2012",
        "carPrice": "HK$1346000.00",
        "MaintenancePeriod": "7 Year",
        "Power": "296 bhp / 357 kW",
        "Fuel": "Petrol"
    },
    {
        "NO": "148",
        "carName": "Jeep Compass SUV 2012",
        "carPrice": "HK$1347000.00",
        "MaintenancePeriod": "7 Year",
        "Power": "297 bhp / 357 kW",
        "Fuel": "Petrol"
    },
    {
        "NO": "149",
        "carName": "Lamborghini Reventon Coupe 2008",
        "carPrice": "HK$1348000.00",
        "MaintenancePeriod": "7 Year",
        "Power": "298 bhp / 357 kW",
        "Fuel": "Petrol"
    },
    {
        "NO": "150",
        "carName": "Lamborghini Aventador Coupe 2012",
        "carPrice": "HK$1349000.00",
        "MaintenancePeriod": "7 Year",
        "Power": "299 bhp / 357 kW",
        "Fuel": "Petrol"
    },
    {
        "NO": "151",
        "carName": "Lamborghini Gallardo LP 570-4 Superleggera 2012",
        "carPrice": "HK$1350000.00",
        "MaintenancePeriod": "7 Year",
        "Power": "300 bhp / 357 kW",
        "Fuel": "Petrol"
    },
    {
        "NO": "152",
        "carName": "Lamborghini Diablo Coupe 2001",
        "carPrice": "HK$1351000.00",
        "MaintenancePeriod": "7 Year",
        "Power": "301 bhp / 357 kW",
        "Fuel": "Petrol"
    },
    {
        "NO": "153",
        "carName": "Land Rover Range Rover SUV 2012",
        "carPrice": "HK$1352000.00",
        "MaintenancePeriod": "7 Year",
        "Power": "302 bhp / 357 kW",
        "Fuel": "Petrol"
    },
    {
        "NO": "154",
        "carName": "Land Rover LR2 SUV 2012",
        "carPrice": "HK$1353000.00",
        "MaintenancePeriod": "7 Year",
        "Power": "303 bhp / 357 kW",
        "Fuel": "Petrol"
    },
    {
        "NO": "155",
        "carName": "Lincoln Town Car Sedan 2011",
        "carPrice": "HK$1354000.00",
        "MaintenancePeriod": "7 Year",
        "Power": "304 bhp / 357 kW",
        "Fuel": "Petrol"
    },
    {
        "NO": "156",
        "carName": "MINI Cooper Roadster Convertible 2012",
        "carPrice": "HK$1355000.00",
        "MaintenancePeriod": "7 Year",
        "Power": "305 bhp / 357 kW",
        "Fuel": "Petrol"
    },
    {
        "NO": "157",
        "carName": "Maybach Landaulet Convertible 2012",
        "carPrice": "HK$1356000.00",
        "MaintenancePeriod": "7 Year",
        "Power": "306 bhp / 357 kW",
        "Fuel": "Petrol"
    },
    {
        "NO": "158",
        "carName": "Mazda Tribute SUV 2011",
        "carPrice": "HK$1357000.00",
        "MaintenancePeriod": "7 Year",
        "Power": "307 bhp / 357 kW",
        "Fuel": "Petrol"
    },
    {
        "NO": "159",
        "carName": "McLaren MP4-12C Coupe 2012",
        "carPrice": "HK$1358000.00",
        "MaintenancePeriod": "7 Year",
        "Power": "308 bhp / 357 kW",
        "Fuel": "Petrol"
    },
    {
        "NO": "160",
        "carName": "Mercedes-Benz 300-Class Convertible 1993",
        "carPrice": "HK$1359000.00",
        "MaintenancePeriod": "7 Year",
        "Power": "309 bhp / 357 kW",
        "Fuel": "Petrol"
    },
    {
        "NO": "161",
        "carName": "Mercedes-Benz C-Class Sedan 2012",
        "carPrice": "HK$1360000.00",
        "MaintenancePeriod": "7 Year",
        "Power": "310 bhp / 357 kW",
        "Fuel": "Petrol"
    },
    {
        "NO": "162",
        "carName": "Mercedes-Benz SL-Class Coupe 2009",
        "carPrice": "HK$1361000.00",
        "MaintenancePeriod": "7 Year",
        "Power": "311 bhp / 357 kW",
        "Fuel": "Petrol"
    },
    {
        "NO": "163",
        "carName": "Mercedes-Benz E-Class Sedan 2012",
        "carPrice": "HK$1362000.00",
        "MaintenancePeriod": "7 Year",
        "Power": "312 bhp / 357 kW",
        "Fuel": "Petrol"
    },
    {
        "NO": "164",
        "carName": "Mercedes-Benz S-Class Sedan 2012",
        "carPrice": "HK$1363000.00",
        "MaintenancePeriod": "7 Year",
        "Power": "313 bhp / 357 kW",
        "Fuel": "Petrol"
    },
    {
        "NO": "165",
        "carName": "Mercedes-Benz Sprinter Van 2012",
        "carPrice": "HK$1364000.00",
        "MaintenancePeriod": "7 Year",
        "Power": "314 bhp / 357 kW",
        "Fuel": "Petrol"
    },
    {
        "NO": "166",
        "carName": "Mitsubishi Lancer Sedan 2012",
        "carPrice": "HK$1365000.00",
        "MaintenancePeriod": "8 Year",
        "Power": "315 bhp / 357 kW",
        "Fuel": "Petrol"
    },
    {
        "NO": "167",
        "carName": "Nissan Leaf Hatchback 2012",
        "carPrice": "HK$1366000.00",
        "MaintenancePeriod": "8 Year",
        "Power": "316 bhp / 357 kW",
        "Fuel": "Petrol"
    },
    {
        "NO": "168",
        "carName": "Nissan NV Passenger Van 2012",
        "carPrice": "HK$1367000.00",
        "MaintenancePeriod": "8 Year",
        "Power": "317 bhp / 357 kW",
        "Fuel": "Petrol"
    },
    {
        "NO": "169",
        "carName": "Nissan Juke Hatchback 2012",
        "carPrice": "HK$1368000.00",
        "MaintenancePeriod": "8 Year",
        "Power": "318 bhp / 357 kW",
        "Fuel": "Petrol"
    },
    {
        "NO": "170",
        "carName": "Nissan 240SX Coupe 1998",
        "carPrice": "HK$1369000.00",
        "MaintenancePeriod": "8 Year",
        "Power": "319 bhp / 357 kW",
        "Fuel": "Petrol"
    },
    {
        "NO": "171",
        "carName": "Plymouth Neon Coupe 1999",
        "carPrice": "HK$1370000.00",
        "MaintenancePeriod": "8 Year",
        "Power": "320 bhp / 357 kW",
        "Fuel": "Petrol"
    },
    {
        "NO": "172",
        "carName": "Porsche Panamera Sedan 2012",
        "carPrice": "HK$1371000.00",
        "MaintenancePeriod": "8 Year",
        "Power": "321 bhp / 357 kW",
        "Fuel": "Petrol"
    },
    {
        "NO": "173",
        "carName": "Ram C/V Cargo Van Minivan 2012",
        "carPrice": "HK$1372000.00",
        "MaintenancePeriod": "8 Year",
        "Power": "322 bhp / 357 kW",
        "Fuel": "Petrol"
    },
    {
        "NO": "174",
        "carName": "Rolls-Royce Phantom Drophead Coupe Convertible 2012",
        "carPrice": "HK$1373000.00",
        "MaintenancePeriod": "8 Year",
        "Power": "323 bhp / 357 kW",
        "Fuel": "Petrol"
    },
    {
        "NO": "175",
        "carName": "Rolls-Royce Ghost Sedan 2012",
        "carPrice": "HK$1374000.00",
        "MaintenancePeriod": "8 Year",
        "Power": "324 bhp / 357 kW",
        "Fuel": "Petrol"
    },
    {
        "NO": "176",
        "carName": "Rolls-Royce Phantom Sedan 2012",
        "carPrice": "HK$1375000.00",
        "MaintenancePeriod": "8 Year",
        "Power": "325 bhp / 357 kW",
        "Fuel": "Petrol"
    },
    {
        "NO": "177",
        "carName": "Scion xD Hatchback 2012",
        "carPrice": "HK$1376000.00",
        "MaintenancePeriod": "8 Year",
        "Power": "326 bhp / 357 kW",
        "Fuel": "Petrol"
    },
    {
        "NO": "178",
        "carName": "Spyker C8 Convertible 2009",
        "carPrice": "HK$1377000.00",
        "MaintenancePeriod": "8 Year",
        "Power": "327 bhp / 357 kW",
        "Fuel": "Petrol"
    },
    {
        "NO": "179",
        "carName": "Spyker C8 Coupe 2009",
        "carPrice": "HK$1378000.00",
        "MaintenancePeriod": "8 Year",
        "Power": "328 bhp / 357 kW",
        "Fuel": "Petrol"
    },
    {
        "NO": "180",
        "carName": "Suzuki Aerio Sedan 2007",
        "carPrice": "HK$1379000.00",
        "MaintenancePeriod": "8 Year",
        "Power": "329 bhp / 357 kW",
        "Fuel": "Petrol"
    },
    {
        "NO": "181",
        "carName": "Suzuki Kizashi Sedan 2012",
        "carPrice": "HK$1380000.00",
        "MaintenancePeriod": "8 Year",
        "Power": "330 bhp / 357 kW",
        "Fuel": "Petrol"
    },
    {
        "NO": "182",
        "carName": "Suzuki SX4 Hatchback 2012",
        "carPrice": "HK$1381000.00",
        "MaintenancePeriod": "8 Year",
        "Power": "331 bhp / 357 kW",
        "Fuel": "Petrol"
    },
    {
        "NO": "183",
        "carName": "Suzuki SX4 Sedan 2012",
        "carPrice": "HK$1382000.00",
        "MaintenancePeriod": "10 Year",
        "Power": "332 bhp / 357 kW",
        "Fuel": "Petrol"
    },
    {
        "NO": "184",
        "carName": "Tesla Model S Sedan 2012",
        "carPrice": "HK$1383000.00",
        "MaintenancePeriod": "10 Year",
        "Power": "333 bhp / 357 kW",
        "Fuel": "Petrol"
    },
    {
        "NO": "185",
        "carName": "Toyota Sequoia SUV 2012",
        "carPrice": "HK$1384000.00",
        "MaintenancePeriod": "11 Year",
        "Power": "334 bhp / 357 kW",
        "Fuel": "Petrol"
    },
    {
        "NO": "186",
        "carName": "Toyota Camry Sedan 2012",
        "carPrice": "HK$1385000.00",
        "MaintenancePeriod": "11Year",
        "Power": "335 bhp / 357 kW",
        "Fuel": "Petrol"
    },
    {
        "NO": "187",
        "carName": "Toyota Corolla Sedan 2012",
        "carPrice": "HK$1386000.00",
        "MaintenancePeriod": "12 Year",
        "Power": "336 bhp / 377 kW",
        "Fuel": "Petrol"
    },
    {
        "NO": "188",
        "carName": "Toyota 4Runner SUV 2012",
        "carPrice": "HK$1387000.00",
        "MaintenancePeriod": "12Year",
        "Power": "337 bhp / 377 kW",
        "Fuel": "Petrol"
    },
    {
        "NO": "189",
        "carName": "Volkswagen Golf Hatchback 2012",
        "carPrice": "HK$1388000.00",
        "MaintenancePeriod": "13 Year",
        "Power": "338 bhp / 377 kW",
        "Fuel": "Petrol"
    },
    {
        "NO": "190",
        "carName": "Volkswagen Golf Hatchback 1991",
        "carPrice": "HK$1389000.00",
        "MaintenancePeriod": "13Year",
        "Power": "339 bhp / 377 kW",
        "Fuel": "Petrol"
    },
    {
        "NO": "191",
        "carName": "Volkswagen Beetle Hatchback 2012",
        "carPrice": "HK$1390000.00",
        "MaintenancePeriod": "14 Year",
        "Power": "340 bhp / 377 kW",
        "Fuel": "Petrol"
    },
    {
        "NO": "192",
        "carName": "Volvo C30 Hatchback 2012",
        "carPrice": "HK$1391000.00",
        "MaintenancePeriod": "14Year",
        "Power": "341 bhp / 377 kW",
        "Fuel": "Petrol"
    },
    {
        "NO": "193",
        "carName": "Volvo 240 Sedan 1993",
        "carPrice": "HK$1392000.00",
        "MaintenancePeriod": "15 Year",
        "Power": "342 bhp / 377 kW",
        "Fuel": "Petrol"
    },
    {
        "NO": "194",
        "carName": "Volvo XC90 SUV 2007",
        "carPrice": "HK$1393000.00",
        "MaintenancePeriod": "15Year",
        "Power": "343 bhp / 377 kW",
        "Fuel": "Petrol"
    },
    {
        "NO": "195",
        "carName": "smart fortwo Convertible 2012",
        "carPrice": "HK$1394000.00",
        "MaintenancePeriod": "16 Year",
        "Power": "344 bhp / 377 kW",
        "Fuel": "Petrol"
    }
]
